feature,importance
ema20,0.6380272
ema10,0.325278
atr,0.031347245
volatility_20,0.0045265295
vwap_distance,0.00056521327
trend_slope,9.6007425e-05
mean_reversion,5.8753874e-05
minute_of_day,3.8869e-05
momentum_10,1.8604916e-05
rsi,1.5507456e-05
momentum_5,6.6460148e-06
return,6.3013576e-06
volume_spike,4.0308937e-06
volume_momentum,3.555993e-06
zscore_return,2.940607e-06
market_volatility,2.61004e-06
cross_stock_momentum,2.0078753e-06
